<?xml version="1.0" encoding="UTF-8"?><rss version="2.0"
	xmlns:content="http://purl.org/rss/1.0/modules/content/"
	xmlns:wfw="http://wellformedweb.org/CommentAPI/"
	xmlns:dc="http://purl.org/dc/elements/1.1/"
	xmlns:atom="http://www.w3.org/2005/Atom"
	xmlns:sy="http://purl.org/rss/1.0/modules/syndication/"
	xmlns:slash="http://purl.org/rss/1.0/modules/slash/"
	>

<channel>
	<title>Artimiausi Renginiai &#8211; Renginiai &#8211; VŠĮ &quot;Atma LT&quot;</title>
	<atom:link href="http://localhost/renginiai/feed/" rel="self" type="application/rss+xml" />
	<link></link>
	<description></description>
	<lastBuildDate>Thu, 25 Feb 2016 11:45:35 +0000</lastBuildDate>
	<language>lt-LT</language>
	<sy:updatePeriod>hourly</sy:updatePeriod>
	<sy:updateFrequency>1</sy:updateFrequency>
	<generator>https://wordpress.org/?v=4.6.1</generator>

<image>
	<url>/wp-content/uploads/2016/02/cropped-cropped-cropped-Kund-32x32.jpg</url>
	<title>Artimiausi Renginiai &#8211; Renginiai &#8211; VŠĮ &quot;Atma LT&quot;</title>
	<link></link>
	<width>32</width>
	<height>32</height>
</image> 
</channel>
</rss>
