<?xml version="1.0"?>
<markers>
  <marker>
    <marker_id>1</marker_id>
    <map_id>1</map_id>
    <title></title>
    <address>California</address>
    <desc></desc>
    <pic></pic>
    <icon></icon>
    <linkd></linkd>
    <lat>36.778261</lat>
    <lng>-119.4179323999</lng>
    <anim></anim>
    <category>0</category>
    <infoopen></infoopen>
  </marker>
  <marker>
    <marker_id>2</marker_id>
    <map_id>1</map_id>
    <title></title>
    <address>4 Leamington Park London W3 6TJ</address>
    <desc></desc>
    <pic></pic>
    <icon></icon>
    <linkd></linkd>
    <lat>51.519567</lat>
    <lng>-0.2638799000000063</lng>
    <anim>0</anim>
    <category></category>
    <infoopen>0</infoopen>
  </marker>
</markers>
