<?xml version="1.0" encoding="UTF-8"?><rss version="2.0"
	xmlns:content="http://purl.org/rss/1.0/modules/content/"
	xmlns:dc="http://purl.org/dc/elements/1.1/"
	xmlns:atom="http://www.w3.org/2005/Atom"
	xmlns:sy="http://purl.org/rss/1.0/modules/syndication/"
	
	>
<channel>
	<title>Įrašo „Bitu Maliko koncertas Vilniuje“ komentarai</title>
	<atom:link href="http://localhost/renginys/bitu-maliko-koncertas-vilniuje/feed/" rel="self" type="application/rss+xml" />
	<link>/renginys/bitu-maliko-koncertas-vilniuje/</link>
	<description></description>
	<lastBuildDate></lastBuildDate>
	<sy:updatePeriod>hourly</sy:updatePeriod>
	<sy:updateFrequency>1</sy:updateFrequency>
	<generator>https://wordpress.org/?v=4.6.1</generator>
</channel>
</rss>
